﻿<system.diagnostics>
  <trace autoflush="true" />
  <sources>
    <source name="System.Net" maxdatasize="1024" switchValue="Verbose">
      <listeners>
        <add name="CCTraceFile"/>
      </listeners>
    </source>
  </sources>
  <sharedListeners>
    <add
      name="CCTraceFile"
      type="System.Diagnostics.XmlWriterTraceListener"
      traceOutputOptions="ProcessId, DateTime, Callstack"
      initializeData="System.Net.trace.log"/>
  </sharedListeners>
  <switches>
    <add name="System.Net" value="All" />
  </switches>
</system.diagnostics>