<SOAP-ENV:Envelope xmlns:xsi="http://www.w3.org/2001/XMLSchema-instance" xmlns:xsd="http://www.w3.org/2001/XMLSchema" xmlns:SOAP-ENC="http://schemas.xmlsoap.org/soap/encoding/" xmlns:SOAP-ENV="http://schemas.xmlsoap.org/soap/envelope/" xmlns:clr="http://schemas.microsoft.com/soap/encoding/clr/1.0" SOAP-ENV:encodingStyle="http://schemas.xmlsoap.org/soap/encoding/">
<SOAP-ENV:Body>
<a1:SerializableMonitoringSettings id="ref-1" xmlns:a1="http://schemas.microsoft.com/clr/assem/RuntimeFlow%2C%20Version%3D1.0.0.0%2C%20Culture%3Dneutral%2C%20PublicKeyToken%3Dnull">
<settings href="#ref-3"/>
</a1:SerializableMonitoringSettings>
<SOAP-ENC:Array id="ref-3" SOAP-ENC:arrayType="a1:SerializableMonitoringSettings+SerializableSettingValue[3]" xmlns:a1="http://schemas.microsoft.com/clr/assem/RuntimeFlow%2C%20Version%3D1.0.0.0%2C%20Culture%3Dneutral%2C%20PublicKeyToken%3Dnull">
<item href="#ref-4"/>
<item href="#ref-5"/>
<item href="#ref-6"/>
</SOAP-ENC:Array>
<a1:SerializableMonitoringSettings_x002B_SerializableSettingValue id="ref-4" xmlns:a1="http://schemas.microsoft.com/clr/assem/RuntimeFlow%2C%20Version%3D1.0.0.0%2C%20Culture%3Dneutral%2C%20PublicKeyToken%3Dnull">
<name id="ref-7">MonitoringFilter</name>
<value id="ref-8">Module == SampleApp1.exe || Module == InterceptApp.exe || Module == ILRewriteProfiler.dll || Module == InterceptLib.dll || Module == ILEmitTest.exe || Module == RESTAPIConsumerFunct.exe || Module == RESTServerProducerAPI.dll || Module == CrossCode.ByteCode.Helper.dll || Module == CrossCode.ByteCode.Utility.dll</value>
</a1:SerializableMonitoringSettings_x002B_SerializableSettingValue>
<a1:SerializableMonitoringSettings_x002B_SerializableSettingValue id="ref-5" xmlns:a1="http://schemas.microsoft.com/clr/assem/RuntimeFlow%2C%20Version%3D1.0.0.0%2C%20Culture%3Dneutral%2C%20PublicKeyToken%3Dnull">
<name id="ref-9">MonitoringMode</name>
<value id="ref-10">Full</value>
</a1:SerializableMonitoringSettings_x002B_SerializableSettingValue>
<a1:SerializableMonitoringSettings_x002B_SerializableSettingValue id="ref-6" xmlns:a1="http://schemas.microsoft.com/clr/assem/RuntimeFlow%2C%20Version%3D1.0.0.0%2C%20Culture%3Dneutral%2C%20PublicKeyToken%3Dnull">
<name id="ref-11">MonitoringStartup</name>
<value id="ref-12">True</value>
</a1:SerializableMonitoringSettings_x002B_SerializableSettingValue>
</SOAP-ENV:Body>
</SOAP-ENV:Envelope>
