{
  "className": "IWCFAddition",
  "isInterface": true,
  "assemblyName": null,
  "fullName": "WCFAddition.IWCFAddition",
  "typeName": "WCFAddition",
  "namespace": "WCFAddition",
  "methods": [
    {
      "methodName": "DoWork",
      "methodFullName": "WCFAddition.IWCFAddition.DoWork",
      "methodParmeters": [],
      "methodReturnType": null,
      "methodSignature": "void DoWork()"
    },
    {
      "methodName": "SumOfTwoNumber",
      "methodFullName": "WCFAddition.IWCFAddition.SumOfTwoNumber",
      "methodParmeters": [ "int num1", "int num2" ],
      "methodReturnType": "int",
      "methodSignature": "void DoWork()"
    }
  ]
}